{
  "algorithm": "kmeans",
  "n_clusters": 3,
  "labels": [
    0,
    1,
    1,
    1,
    0,
    2,
    1,
    1,
    0,
    2,
    1,
    2,
    0,
    1,
    1,
    1,
    0,
    1,
    2,
    1,
    2,
    1,
    2,
    2,
    0,
    1,
    0,
    2,
    1,
    2,
    2,
    2,
    1,
    2,
    1,
    2,
    2,
    1,
    0,
    2,
    0,
    2,
    2,
    1,
    2,
    2,
    2,
    1,
    1,
    0
  ],
  "centroids": [
    [
      0.40443096694267144,
      0.8363626025232839,
      0.5061176415554689,
      0.30400640964465697,
      0.2425789404768064,
      0.2614468111758501,
      0.5508927271562787,
      0.40922544945670747
    ],
    [
      0.4238960770566511,
      0.5059306979708589,
      0.43342158084134597,
      0.34762005232178805,
      0.7258141792841173,
      0.4320603741729077,
      0.326863914725555,
      0.7177260272706703
    ],
    [
      0.5602725474722757,
      0.2624072070063438,
      0.5371568105087823,
      0.5997258226236208,
      0.46495553150325736,
      0.657571282968421,
      0.6738560073571804,
      0.4444198062524681
    ]
  ],
  "silhouette_score": 0.12343847327983096,
  "calinski_harabasz_score": 7.717084320020979,
  "inertia": 25.847983806762574,
  "ari_vs_previous": 1.0,
  "feature_importance": {
    "feature_0": 0.06451117734274527,
    "feature_1": 0.9158172588898643,
    "feature_2": 0.024531576404008677,
    "feature_3": 0.25933053939118034,
    "feature_4": 0.6623772230534557,
    "feature_5": 0.4708774439500283,
    "feature_6": 0.3220839614669291,
    "feature_7": 0.33500144706809726
  },
  "timestamp": 1758275388.1087651,
  "pipeline_version": "1.0"
}