{
  "algorithm": "kmeans",
  "n_clusters": 3,
  "labels": [
    1,
    1,
    0,
    2,
    2,
    0,
    1,
    1,
    2,
    0,
    2,
    2,
    2,
    0,
    1,
    1,
    2,
    1,
    0,
    0,
    2,
    0,
    0,
    1,
    1,
    1,
    0,
    2,
    0,
    0,
    2,
    1,
    2,
    1,
    1,
    0,
    0,
    1,
    0,
    0,
    1,
    0,
    0,
    2,
    0,
    2,
    2,
    1,
    2,
    1
  ],
  "centroids": [
    [
      0.4312529410850607,
      0.45675755253198863,
      0.2068578747727658,
      0.4237264399028678,
      0.29457353785159335
    ],
    [
      0.42106917434244623,
      0.3197579338537901,
      0.7771966731141793,
      0.4277780870691764,
      0.6297986898805107
    ],
    [
      0.6679235338613381,
      0.6999394268725816,
      0.5752456601738147,
      0.7958040590439976,
      0.33145458658172
    ]
  ],
  "silhouette_score": 0.20735033026301386,
  "calinski_harabasz_score": 13.112544308880084,
  "inertia": 13.090593187365377,
  "ari_vs_previous": null,
  "feature_importance": {
    "feature_0": 0.17214489145816345,
    "feature_1": 0.37462777223546917,
    "feature_2": 2.2424382714581954,
    "feature_3": 0.7268265258123141,
    "feature_4": 0.36929747612497377
  },
  "timestamp": 1758263849.2134972,
  "pipeline_version": "1.0"
}